"Time";"Pod";"CPU Usage";"CPU Requests";"CPU Requests %";"CPU Limits";"CPU Limits %"
undefined;"spark-hb-preload-jkg-image-1589680800-dhzx9";"'-";"0";"'-";"0";"'-"
undefined;"wdp-db2-secret-job-ncbpt";"'-";"0.10";"'-";"0.20";"'-"
undefined;"ibm-notebooks-prod-wsl-init-job-mhqsf";"'-";"0.10";"'-";"0.50";"'-"
undefined;"train-wml-autoai-fdec3b4a-c578-4c2d-b94d-261e75f97d22-frbnx";"'-";"4.00";"'-";"4.00";"'-"
undefined;"dv-init-volume-v7zl2";"'-";"0.50";"'-";"0.50";"'-"
undefined;"ibm-environments-prod-ccs-init-job-ghbz4";"'-";"0.10";"'-";"0.50";"'-"
undefined;"iis-secret-generation-job-bbvvw";"'-";"0.10";"'-";"0.50";"'-"
undefined;"spark-hb-init-preload-jkg-image-l5nsv";"'-";"0";"'-";"0";"'-"
undefined;"db2oltp-1589576934720-db2u-nginx-config-job-pcb6b";"'-";"0.10";"'-";"0.20";"'-"
undefined;"c8b8d4b0d6582ee9-1000331003-1589592489-fjxz2";"'-";"1.00";"'-";"2.00";"'-"
undefined;"spark-hb-preload-jkg-image-1589680800-f6tk2";"'-";"0";"'-";"0";"'-"
undefined;"post-install-repo-cams-asssettype-7k7g7";"'-";"0.50";"'-";"1.00";"'-"
undefined;"spark-hb-init-preload-jkg-image-bl6fx";"'-";"0";"'-";"0";"'-"
undefined;"spark-hb-init-preload-jkg-image-7s974";"'-";"0";"'-";"0";"'-"
undefined;"wkc-roles-init-86fxx";"'-";"0.10";"'-";"0.50";"'-"
undefined;"spark-hb-preload-jkg-image-1589680800-8dv52";"'-";"0";"'-";"0";"'-"
undefined;"spark-hb-preload-jkg-image-1589680800-st2ld";"'-";"0";"'-";"0";"'-"
undefined;"spark-hb-preload-jkg-image-1589680800-jz9sz";"'-";"0";"'-";"0";"'-"
undefined;"spark-hb-init-preload-jkg-image-f9zbd";"'-";"0";"'-";"0";"'-"
undefined;"spark-hb-init-preload-jkg-image-km884";"'-";"0";"'-";"0";"'-"
undefined;"spark-hb-job-cleanup-cron-1589684400-rwjb6";"'-";"0.10";"'-";"0.10";"'-"
undefined;"dsx-influxdb-set-auth-qsrrw";"'-";"0.20";"'-";"1.00";"'-"
undefined;"spark-hb-preload-jkg-image-1589680800-jdkjs";"'-";"0";"'-";"0";"'-"
undefined;"spark-hb-preload-jkg-image-1589680800-lcpkv";"'-";"0";"'-";"0";"'-"
undefined;"bc637b7a5689c881-1000331003-1589584178-qcsjr";"'-";"1.00";"'-";"2.00";"'-"
undefined;"change-pvc-permissions-lkbls";"'-";"0.10";"'-";"0.50";"'-"
undefined;"zen-migrate-user-roles-job-m4sqh";"'-";"0.20";"'-";"1.00";"'-"
undefined;"spark-hb-preload-jkg-image-1589680800-bdddg";"'-";"0";"'-";"0";"'-"
undefined;"spark-hb-preload-jkg-image-1589680800-fszxn";"'-";"0";"'-";"0";"'-"
undefined;"wkc-glossary-service-sync-cronjob-1589616000-5xkjt";"'-";"0.10";"'-";"0.50";"'-"
undefined;"sample-data-job-7s5kn";"'-";"0";"'-";"0";"'-"
undefined;"dsx-requisite-pre-install-job-cwf7m";"'-";"0.02";"'-";"0.50";"'-"
undefined;"spark-hb-preload-jkg-image-1589680800-27xzk";"'-";"0";"'-";"0";"'-"
undefined;"db2oltp-1589576934720-db2u-engn-update-job-pfwvj";"'-";"0.10";"'-";"0.20";"'-"
undefined;"shop4info-schema-init-64qsn";"'-";"0";"'-";"0";"'-"
undefined;"create-iira-secrets-job-4jptr";"'-";"0.10";"'-";"0.10";"'-"
undefined;"train-wml-autoai-ce69fd9f-ddce-4ce2-8b7f-b1daf1c0d94c-8lj4w";"'-";"4.00";"'-";"4.00";"'-"
undefined;"wkc-post-install-init-6vjm8";"'-";"0.10";"'-";"0.50";"'-"
undefined;"dv-unified-console-pv-init-job-ggwrs";"'-";"0.50";"'-";"0.50";"'-"
undefined;"spark-hb-init-preload-jkg-image-wjhnx";"'-";"0";"'-";"0";"'-"
undefined;"spark-hb-preload-jkg-image-1589680800-ttckz";"'-";"0";"'-";"0";"'-"
undefined;"spark-hb-init-preload-jkg-image-snplr";"'-";"0";"'-";"0";"'-"
undefined;"spark-hb-init-preload-jkg-image-b8fg8";"'-";"0";"'-";"0";"'-"
undefined;"spark-hb-preload-jkg-image-1589680800-cgnpv";"'-";"0";"'-";"0";"'-"
undefined;"spark-hb-init-preload-jkg-image-wr2nm";"'-";"0";"'-";"0";"'-"
undefined;"2e1e6887b86e0955-1000331005-1589592496-qq56j";"'-";"1.00";"'-";"2.00";"'-"
undefined;"spark-hb-init-preload-jkg-image-97bj5";"'-";"0";"'-";"0";"'-"
undefined;"spark-hb-preload-jkg-image-1589680800-hm6jg";"'-";"0";"'-";"0";"'-"
undefined;"spark-hb-preload-jkg-image-1589680800-hp8ls";"'-";"0";"'-";"0";"'-"
undefined;"spark-hb-terminating-pod-cleanup-cron-1589686200-6trr8";"'-";"0.20";"'-";"0.20";"'-"
undefined;"ug-secret-generation-job-8lbv5";"'-";"0.10";"'-";"0.50";"'-"
undefined;"spark-hb-preload-jkg-image-1589680800-9jxdr";"'-";"0";"'-";"0";"'-"
undefined;"volumes-vol1-job-t4xqz";"'-";"0.30";"'-";"2.00";"'-"
undefined;"spark-hb-preload-jkg-image-1589680800-dwgsz";"'-";"0";"'-";"0";"'-"
undefined;"spark-hb-preload-jkg-image-1589680800-q2tkx";"'-";"0";"'-";"0";"'-"
undefined;"spark-hb-init-preload-jkg-image-zt5mp";"'-";"0";"'-";"0";"'-"
undefined;"solr-configset-collection-wn4sb";"'-";"0.15";"'-";"1.00";"'-"
undefined;"wkc-glossary-service-sync-cronjob-1589558400-4njft";"'-";"0.10";"'-";"0.50";"'-"
undefined;"spark-hb-preload-jkg-image-1589680800-9hmwx";"'-";"0";"'-";"0";"'-"
undefined;"spark-hb-preload-jkg-image-1589680800-xbbk6";"'-";"0";"'-";"0";"'-"
undefined;"026750fed72e2046-1000331004-1589584176-tz9qj";"'-";"1.00";"'-";"2.00";"'-"
undefined;"spark-hb-init-preload-jkg-image-fvdq6";"'-";"0";"'-";"0";"'-"
undefined;"wkc-glossary-service-sync-cronjob-1589644800-tdsxg";"'-";"0.10";"'-";"0.50";"'-"
undefined;"aiopenscale-ibm-aios-install-python-client-job2-shfm8";"'-";"0.10";"'-";"0.20";"'-"
undefined;"e69e9463060cb6d2-1000331005-1589584177-fk5vf";"'-";"1.00";"'-";"2.00";"'-"
undefined;"ds-roles-init-lhwqw";"'-";"0.10";"'-";"0.50";"'-"
undefined;"spark-hb-init-preload-jkg-image-hd8zd";"'-";"0";"'-";"0";"'-"
undefined;"jupyter-py36-99f6c334-2db7-4e93-bb4e-91ca9aaeec47-858b6758l7w9k";"'-";"16.00";"'-";"32.00";"'-"
undefined;"spark-hb-init-preload-jkg-image-2nwx6";"'-";"0";"'-";"0";"'-"
undefined;"spark-hb-init-preload-jkg-image-87qpn";"'-";"0";"'-";"0";"'-"
undefined;"spark-hb-init-preload-jkg-image-szm4j";"'-";"0";"'-";"0";"'-"
undefined;"spark-hb-init-preload-jkg-image-cxrr6";"'-";"0";"'-";"0";"'-"
undefined;"redis-ha-secret-job-4mk4x";"'-";"0.10";"'-";"0.20";"'-"
undefined;"db2oltp-1589576934720-db2u-nodes-cfg-job-5qtnb";"'-";"0.10";"'-";"0.20";"'-"
undefined;"train-wml-autoai-55c0411e-48b0-4764-ab85-690e32b69c07-xt5vh";"'-";"4.00";"'-";"4.00";"'-"
undefined;"cb304ec23245895e-1000331004-1589592493-ncbh2";"'-";"1.00";"'-";"2.00";"'-"
undefined;"0d1a271562dbb21c-1000331004-1589570016-t9xv6";"'-";"1.00";"'-";"2.00";"'-"
undefined;"ug-create-topics-hook-p6gg2";"'-";"0.05";"'-";"0.20";"'-"
undefined;"9e892363ec6139c5-1000331001-1589592486-jvl4r";"'-";"1.00";"'-";"2.00";"'-"
undefined;"spark-hb-kernel-cleanup-cron-1589686200-f6f4b";"'-";"0.10";"'-";"0.10";"'-"
undefined;"zen-requisite-job-kz6vn";"'-";"0.10";"'-";"0.50";"'-"
undefined;"spark-hb-preload-jkg-image-1589680800-w4zrk";"'-";"0";"'-";"0";"'-"
undefined;"aiopenscale-ibm-aios-private-deployment-cleanup-1589670000gjqnk";"'-";"0.50";"'-";"0.50";"'-"
undefined;"spark-hb-init-preload-jkg-image-7bh2m";"'-";"0";"'-";"0";"'-"
undefined;"db2oltp-1589576934720-db2u-nodes-cfg-job-dzvgp";"'-";"0.10";"'-";"0.20";"'-"
undefined;"ia-analysis-6f57f69458-h6tnn";"0.00";"0.30";"1.53%";"4.00";"0.11%"
undefined;"dv-metastore-5f77d5f6f-9hj4c";"0.01";"1.00";"1.41%";"1.00";"1.41%"
undefined;"cognos-ibm-cde-prod-proxy-6fd565979-crvfp";"0.00";"1.38";"0.28%";"3.00";"0.13%"
undefined;"wdp-couchdb-1";"0.33";"1.00";"33.24%";"8.00";"4.15%"
undefined;"catalog-api-64bf7c6b98-cstbw";"0.02";"0.30";"5.91%";"2.50";"0.71%"
undefined;"redis-ha-server-2";"0.02";"0.22";"8.29%";"1.30";"1.40%"
undefined;"zen-databases-75dd6dd74-f9s6m";"0.00";"0.10";"0.35%";"0.50";"0.07%"
undefined;"wml-os-manager-0";"0.00";"0.25";"0.97%";"1.00";"0.24%"
undefined;"nlq-search-8568455cd5-r9zkh";"0.01";"0.50";"1.51%";"1.00";"0.76%"
undefined;"jobs-api-6568587c54-8tmpm";"0.00";"0.10";"0.98%";"0.30";"0.33%"
undefined;"ibm-nginx-7bb7df7844-25tcn";"0.00";"0.20";"1.13%";"1.00";"0.23%"
undefined;"zen-metastoredb-1";"0.04";"0.10";"37.94%";"0.50";"7.59%"
undefined;"zen-core-api-6bf84458dd-hk648";"0.00";"0.10";"1.09%";"2.00";"0.05%"
undefined;"usermgmt-7fff8dc695-bl4fg";"0.00";"0.20";"0.35%";"1.00";"0.07%"
undefined;"redis-78cf6bf5dc-8fkqq";"0.01";"0.10";"8.60%";"1.00";"0.86%"
undefined;"odf-fast-analyzer-df867c77b-4fbhx";"0.03";"0.20";"17.00%";"1.00";"3.40%"
undefined;"build-streams-jmetertest-builder-39";"0.00";"1.00";"0.04%";"10.00";"0.00%"
undefined;"ax-environments-ui-deploy-5f5fd6c74b-h559p";"0.00";"0.10";"1.24%";"0.50";"0.25%"
undefined;"aiopenscale-ibm-aios-explainability-6bdf494bdf-mt7kg";"0.00";"0.50";"0.35%";"0.55";"0.32%"
undefined;"aiopenscale-ibm-aios-notification-86d96fdb-v7snd";"0.01";"0.50";"1.96%";"0.50";"1.96%"
undefined;"zen-core-68fd68d48c-fjrjq";"0.00";"0.10";"0.28%";"1.00";"0.03%"
undefined;"db2oltp-catalog-11530-5fbd5b9cc8-728xf";"0.00";"0.03";"0.28%";"0.30";"0.03%"
undefined;"knol-knol-74c5b59bd6-qsbmr";"0.00";"0.50";"0.14%";"1.00";"0.07%"
undefined;"elasticsearch-master-1";"0.02";"0.50";"3.28%";"2.10";"0.78%"
undefined;"zen-content-6584fdc66c-fnxcv";"0.00";"0.10";"0.78%";"0.50";"0.16%"
undefined;"gov-enterprise-search-ui-678764b497-975tp";"0.00";"0.01";"1.22%";"0.03";"0.41%"
undefined;"dataconn-engine-service-6cfbdc6698-6hn2m";"0.02";"0.15";"12.96%";"1.00";"1.94%"
undefined;"shop4info-type-registry-service-0";"0.00";"0.10";"1.12%";"0.40";"0.28%"
undefined;"zen-core-68fd68d48c-qtr4c";"0.00";"0.10";"0.35%";"1.00";"0.04%"
undefined;"train-wml-autoai-dfe43092-16b0-4509-b988-e3b85435ccfa-2k474";"0.01";"4.00";"0.32%";"4.00";"0.32%"
undefined;"dv-utils-0";"0.08";"1.00";"7.92%";"1.00";"7.92%"
undefined;"asset-files-api-7cdb46ff7d-pcbf7";"0.00";"0.10";"2.43%";"0.50";"0.49%"
undefined;"aiopenscale-ibm-aios-dashboard-7b5788d64-c6759";"0.00";"0.10";"0.21%";"0.10";"0.21%"
undefined;"zen-core-68fd68d48c-k9jkg";"0.00";"0.10";"0.26%";"1.00";"0.03%"
undefined;"wkc-gov-ui-675cd55d86-w69g5";"0.00";"0.05";"0.40%";"0.20";"0.10%"
undefined;"ax-cdsx-jupyter-notebooks-converter-deploy-84bfb778f8-d5tpg";"0.00";"0.10";"1.21%";"0.50";"0.24%"
undefined;"spss-modeler-cache-db-6bd45b5c7b-dn4gp";"0.10";"0.50";"19.98%";"2.00";"4.99%"
undefined;"dv-worker-0";"0.03";"4.00";"0.71%";"4.00";"0.71%"
undefined;"aiopenscale-ibm-aios-configuration-59bcddb87b-dlpxl";"0.00";"0.60";"0.43%";"1.00";"0.26%"
undefined;"ibm-nginx-7bb7df7844-bs8cf";"0.01";"0.20";"7.17%";"1.00";"1.43%"
undefined;"iira-ibm-iira-mongodb-prod-694b64f557-lcjv2";"0.01";"0.10";"12.40%";"1.00";"1.24%"
undefined;"jupyter-py36-2f7f04e1-3fa6-4a9b-b795-499dee60d21b-84bd5dd448drz";"0.00";"1.00";"0.17%";"2.00";"0.08%"
undefined;"gov-ui-commons-6dc4c6965c-tcr9b";"0.00";"0.01";"1.22%";"0.03";"0.41%"
undefined;"spss-modeler-flow-session-uj6a6x4mpk";"0.01";"2.00";"0.37%";"4.00";"0.19%"
undefined;"aiopenscale-ibm-aios-mrm-7bd87b4467-spgtq";"0.00";"0.50";"0.47%";"0.50";"0.47%"
undefined;"wdp-couchdb-2";"0.29";"1.00";"29.02%";"8.00";"3.63%"
undefined;"streaming-pipelines-ui-796947f56f-vsbfj";"0.00";"0.10";"0.73%";"0.50";"0.15%"
undefined;"zen-databases-75dd6dd74-vqjd8";"0.00";"0.10";"0.12%";"0.50";"0.02%"
undefined;"wmlrepository-74fcb77df8-9x847";"0.00";"1.00";"0.32%";"2.00";"0.16%"
undefined;"train-wml-autoai-70d272fc-147b-4c9f-b6d9-fe1797eb0dc3-s8fq7";"0.39";"4.00";"9.87%";"4.00";"9.87%"
undefined;"ax-ws-notebooks-ui-deploy-6cbbb4cb79-7795t";"0.00";"0.10";"1.21%";"0.50";"0.24%"
undefined;"portal-main-68f455d4bc-68hfc";"0.00";"0.10";"1.69%";"0.50";"0.34%"
undefined;"portal-common-api-6bb746cdcc-q9dht";"0.00";"0.10";"0.96%";"0.50";"0.19%"
undefined;"ds-engine-compute-1";"0.00";"0.40";"0.12%";"3.00";"0.02%"
undefined;"zen-content-6584fdc66c-ds2t7";"0.00";"0.10";"0.81%";"0.50";"0.16%"
undefined;"wml-main-56974cbbc9-87bj8";"0.00";"0.10";"0.49%";"0.50";"0.10%"
undefined;"aiopenscale-ibm-aios-redis-1";"0.02";"0.20";"12.32%";"0.20";"12.32%"
undefined;"spss-modeler-cache-db-warmup-7b8f744f96-2fvhf";"0";"0.03";"0%";"0.03";"0%"
undefined;"wdp-dataprep-5696b59f6d-xgg2d";"0.00";"0.50";"0.03%";"1.00";"0.01%"
undefined;"aiopenscale-ibm-aios-kafka-1";"0.01";"0.10";"10.74%";"0.20";"5.37%"
undefined;"ds-engine-compute-2";"0.00";"0.40";"0.12%";"3.00";"0.02%"
undefined;"aiopenscale-ibm-aios-etcd-1";"0.01";"0.15";"6.51%";"0.15";"6.51%"
undefined;"cassandra-0";"0.07";"0.20";"36.49%";"1.00";"7.30%"
undefined;"zen-audit-64f9bd4746-t5tjk";"0.00";"0.05";"5.85%";"0.25";"1.17%"
undefined;"dap-dashboards-api-bd48fcdf9-vwpqx";"0.00";"0.10";"0.36%";"0.50";"0.07%"
undefined;"zen-admin-6b75f5495f-ppt4n";"0.00";"0.03";"0.78%";"0.30";"0.08%"
undefined;"training-job-70d272fc-147b-4c9f-b6d9-fe1797eb0dc3-vzlb8";"0.05";"0.33";"14.48%";"1.00";"4.84%"
undefined;"db2oltp-1589576934720-ibm-unified-console-ui-54c6f498b-b8wq8";"0.02";"0.30";"6.71%";"0.50";"4.02%"
undefined;"shop4info-event-consumer-0";"0.01";"0.30";"4.29%";"1.20";"1.07%"
undefined;"ibm-nginx-7bb7df7844-sm8m8";"0.00";"0.20";"0.22%";"1.00";"0.04%"
undefined;"aiopenscale-ibm-aios-drift-86bbc98cb6-k77mr";"0.00";"1.00";"0.24%";"1.20";"0.20%"
undefined;"ax-environments-api-deploy-8fbc469bf-fzx2s";"0.00";"0.10";"1.27%";"0.50";"0.25%"
undefined;"is-en-conductor-0";"0.03";"2.00";"1.41%";"6.00";"0.47%"
undefined;"gov-quality-ui-5cd454b557-8w99z";"0.00";"0.01";"1.27%";"0.03";"0.42%"
undefined;"finley-ml-774b9588fd-557hr";"0.01";"0.03";"18.87%";"1.00";"0.57%"
undefined;"aiopenscale-ibm-aios-fast-path-6d4c69f5f-xk5qv";"0.00";"0.20";"0.57%";"0.20";"0.57%"
undefined;"db2oltp-1589576934720-ibm-unified-console-api-769d696559-ldwkf";"0.08";"1.00";"7.72%";"2.00";"3.86%"
undefined;"shop4info-rest-0";"0.00";"0.20";"0.76%";"0.80";"0.19%"
undefined;"zookeeper-0";"0.01";"0.03";"21.70%";"0.20";"3.25%"
undefined;"rabbitmq-ha-0";"0.05";"0.30";"17.25%";"1.00";"5.17%"
undefined;"rabbitmq-ha-1";"0.70";"0.30";"232.53%";"1.00";"69.76%"
undefined;"wdp-profiling-5d8d4fc94b-kj2b7";"0.01";"0.30";"3.78%";"1.00";"1.13%"
undefined;"usermgmt-7fff8dc695-ssnsz";"0.00";"0.20";"0.98%";"1.00";"0.20%"
undefined;"ax-cdsx-notebooks-job-manager-deploy-6799b459fb-zf4xp";"0.00";"0.10";"1.29%";"0.50";"0.26%"
undefined;"jobs-ui-7b499f5664-95lvx";"0.00";"0.10";"0.94%";"0.30";"0.31%"
undefined;"iira-ibm-iira-orchestrator-prod-66c4f77d79-gk9cb";"0.01";"0.10";"8.59%";"0.10";"8.59%"
undefined;"zen-data-sorcerer-75dd744fcf-tr4ml";"0.00";"0.03";"2.13%";"0.30";"0.21%"
undefined;"wdp-profiling-ui-cc794d449-fx646";"0.00";"0.01";"1.14%";"0.10";"0.11%"
undefined;"spss-modeler-flow-session-t3p0bs9b81";"0.01";"2.00";"0.35%";"4.00";"0.18%"
undefined;"spss-modeler-flow-session-cache-6d56db498b-jqqcw";"0.94";"0.50";"187.21%";"1.50";"62.40%"
undefined;"dv-engine-0";"0.45";"4.00";"11.18%";"4.00";"11.18%"
undefined;"dsx-influxdb-79cf75dfc5-7ts8r";"0.00";"0.10";"3.44%";"1.00";"0.34%"
undefined;"streams-jmetertest-security-0";"0.00";"2.00";"0.03%";"4.00";"0.02%"
undefined;"streams-addon-7fb545bd54-6wbd5";"0.00";"0.25";"0.38%";"0.25";"0.38%"
undefined;"db2oltp-1589576934720-ibm-unified-console-influxdb-7b4b9cd6pg9z";"0.00";"0.10";"1.03%";"1.00";"0.10%"
undefined;"spawner-api-6677644959-nr5h2";"0.00";"0.02";"4.66%";"0.50";"0.14%"
undefined;"aiopenscale-ibm-aios-nginx-5fdb448d69-qj9qh";"0.00";"0.10";"0.02%";"0.10";"0.02%"
undefined;"ds-entitlement-849b57d87d-p9qft";"0.00";"0.50";"0.52%";"0.50";"0.52%"
undefined;"aiopenscale-ibm-aios-zookeeper-1";"0.00";"0.15";"1.52%";"0.25";"0.91%"
undefined;"wml-etcd-0";"0.01";"0.25";"5.51%";"1.00";"1.38%"
undefined;"wdp-policy-service-69468c9c75-swsjv";"0.01";"0.10";"5.52%";"0.50";"1.10%"
undefined;"gov-app-config-service-bc56f97c4-5tv95";"0.00";"0.10";"3.02%";"1.00";"0.30%"
undefined;"shop4info-mappers-service-0";"0.01";"0.20";"4.42%";"0.80";"1.11%"
undefined;"portal-dashboards-59d6947775-p92s6";"0.00";"0.10";"0.47%";"0.50";"0.09%"
undefined;"streams-addon-service-provider-67f6cd7c54-dqkgg";"0.01";"0.25";"2.56%";"0.25";"2.56%"
undefined;"gov-catalog-search-service-5dd48f775d-c6lhg";"0.00";"0.10";"2.89%";"1.00";"0.29%"
undefined;"elasticsearch-master-2";"0.02";"0.50";"4.31%";"2.10";"1.03%"
undefined;"aiopenscale-ibm-aios-bias-bc8db9bf7-br2kt";"0.00";"1.00";"0.16%";"1.00";"0.16%"
undefined;"wdp-shaper-874f498cf-bm8bv";"0.00";"0.50";"0.05%";"1.00";"0.02%"
undefined;"wdp-activities-56c75df7cf-8xzvd";"0.07";"0.10";"71.72%";"0.50";"14.34%"
undefined;"spawner-api-6677644959-fvhfj";"0.00";"0.02";"2.49%";"0.50";"0.07%"
undefined;"portal-ml-dl-76cb64b56d-zhv6k";"0.00";"0.10";"3.28%";"0.50";"0.66%"
undefined;"kafka-0";"0.10";"0.25";"38.62%";"1.00";"9.66%"
undefined;"portal-notifications-56fbcddd9-x6p9z";"0.00";"0.10";"0.44%";"0.50";"0.09%"
undefined;"streaming-pipelines-api-59bbd574c9-sgrjz";"0.00";"0.10";"0.38%";"0.50";"0.08%"
undefined;"is-engine-compute-0";"0.00";"0.40";"0.10%";"2.00";"0.02%"
undefined;"aiopenscale-ibm-aios-zookeeper-0";"0.00";"0.15";"1.10%";"0.25";"0.66%"
undefined;"redis-ha-haproxy-dfc6d74b7-v4q8t";"0.00";"0.20";"2.14%";"1.00";"0.43%"
undefined;"streams-jmetertest-console-0";"0.00";"1.00";"0.21%";"8.00";"0.03%"
undefined;"wdp-search-69cfc868db-k96f4";"0.01";"0.02";"53.67%";"0.30";"3.58%"
undefined;"spark-hb-nginx-6666d4c85c-xmvrk";"0.00";"0.10";"0.47%";"0.10";"0.47%"
undefined;"wml-os-rt-scikit-learn0.20-5uzg4el5-6db84f5dc6-bmjrl";"0.01";"0.50";"1.55%";"2.00";"0.39%"
undefined;"db2oltp-1589576934720-db2u-tools-5bf78fb4f9-524lq";"0";"0.10";"0%";"0.20";"0%"
undefined;"streams-jmetertest-rest-0";"0.00";"1.00";"0.04%";"2.00";"0.02%"
undefined;"audit-trail-service-767df96cb8-n8js2";"0.05";"0.05";"93.47%";"0.40";"11.68%"
undefined;"aiopenscale-ibm-aios-zookeeper-2";"0.00";"0.15";"1.29%";"0.25";"0.77%"
undefined;"wdp-profiling-messaging-56f584c657-csd6w";"0.01";"0.04";"23.97%";"0.50";"1.92%"
undefined;"cdcp-operator-66ffbdc488-tv9s5";"0.00";"0.10";"2.90%";"0.50";"0.58%"
undefined;"aiopenscale-ibm-aios-common-api-7d95b6c9bc-lmj7z";"0.01";"0.20";"5.05%";"0.40";"2.53%"
undefined;"wdp-lineage-b6b4f9b5c-k7hmr";"0.04";"0.08";"45.32%";"0.30";"12.08%"
undefined;"utils-api-6785fb8945-rbwz8";"0.00";"0.10";"0.51%";"0.50";"0.10%"
undefined;"wml-os-rt-mllib2.3-3jxq0exp-846f86f567-9tlft";"0.00";"0.50";"0.93%";"2.00";"0.23%"
undefined;"spss-modeler-cache-db-warmup-7b8f744f96-d4hg7";"0";"0.03";"0%";"0.03";"0%"
undefined;"iira-ibm-iira-ml-prod-59c78cd768-p27vw";"0.01";"0.10";"8.85%";"8.00";"0.11%"
undefined;"zen-database-core-675ff64d55-h7jvc";"0.00";"0.10";"0.29%";"0.50";"0.06%"
undefined;"wkc-workflow-service-87cb87598-5w9m2";"0.04";"0.10";"36.46%";"0.40";"9.12%"
undefined;"wdp-connect-connector-5d76dc9d4-7jxhp";"0.02";"0.20";"10.53%";"1.00";"2.11%"
undefined;"spark-hb-register-hb-dataplane-6d9b84cdbf-v9qck";"0.00";"0.02";"22.03%";"1.20";"0.37%"
undefined;"gremlin-console-696bc7dd67-wp7sk";"0.00";"0.10";"0.12%";"0.50";"0.02%"
undefined;"aiopenscale-ibm-aios-redis-0";"0.03";"0.20";"13.83%";"0.20";"13.83%"
undefined;"ax-wdp-notebooks-api-deploy-c6856f8df-xjqr8";"0.00";"0.10";"1.18%";"0.50";"0.24%"
undefined;"igc-ui-react-77f8b8899c-6mhv6";"0.00";"0.01";"1.25%";"0.03";"0.42%"
undefined;"event-logger-api-b4f7bfcc4-j9mjk";"0.00";"0.10";"0.63%";"0.50";"0.13%"
undefined;"wdp-db2-0";"0.04";"1.50";"2.50%";"4.00";"0.94%"
undefined;"cognos-ibm-cde-prod-redis-c67cd8f48-fsc66";"0.00";"0.13";"3.84%";"1.00";"0.48%"
undefined;"spss-modeler-cache-db-warmup-7b8f744f96-f54m5";"0";"0.03";"0%";"0.03";"0%"
undefined;"gov-catalog-search-index-76fcd69f97-srljm";"0.00";"0.05";"9.59%";"1.00";"0.48%"
undefined;"spss-modeler-flow-api-568ff4d8ff-r6gwd";"0.00";"0.50";"0.02%";"1.50";"0.01%"
undefined;"dataconn-engine-opdiscovery-fffdbdb88-lp5td";"0.01";"0.15";"7.43%";"0.60";"1.86%"
undefined;"iis-xmetarepo-657f7f8665-x92rv";"0.09";"1.00";"9.28%";"2.00";"4.64%"
undefined;"dc-main-64fdfcf8d8-dcwdt";"0.00";"0.05";"0.54%";"0.20";"0.13%"
undefined;"aiopenscale-ibm-aios-datamart-74dcb7984b-7vprs";"0.03";"0.60";"4.76%";"0.60";"4.76%"
undefined;"wkc-search-6dc598fc98-lj84l";"0.01";"0.10";"7.86%";"1.00";"0.79%"
undefined;"redis-ha-server-1";"0.02";"0.22";"9.40%";"1.30";"1.59%"
undefined;"ibm-0100-model-viewer-prod-bd857966-zjsdc";"0.00";"2.00";"0.17%";"2.00";"0.17%"
undefined;"metadata-discovery-5487fdc5b8-8vxl5";"0.25";"0.10";"252.19%";"1.00";"25.22%"
undefined;"aiopenscale-ibm-aios-etcd-0";"0.01";"0.15";"9.93%";"0.15";"9.93%"
undefined;"aiopenscale-ibm-aios-bkpicombined-78dc4cbcd4-9fr7m";"0.02";"1.00";"2.14%";"1.00";"2.14%"
undefined;"wmltrainingorchestrator-7444b4855-qtx8j";"0.08";"1.00";"7.54%";"1.00";"7.54%"
undefined;"wml-os-envoy-847894c965-r7lch";"0.02";"0.25";"6.92%";"4.00";"0.43%"
undefined;"aiopenscale-ibm-aios-feedback-6c74748d4-9gx8m";"0.00";"0.50";"0.77%";"0.50";"0.77%"
undefined;"streams-jmetertest-management-0";"0.01";"2.00";"0.40%";"12.00";"0.07%"
undefined;"aiopenscale-ibm-aios-payload-logging-59f8d9cb69-bg2jk";"0.04";"0.70";"5.36%";"0.70";"5.36%"
undefined;"aiopenscale-ibm-aios-ml-gateway-service-5c69989449-7r7jg";"0.01";"0.40";"2.70%";"1.20";"0.90%"
undefined;"dv-unified-console-74779c5dbf-xslzt";"0.08";"2.00";"3.76%";"4.00";"1.88%"
undefined;"shop4info-scheduler-0";"0.00";"0.10";"1.37%";"0.50";"0.27%"
undefined;"build-streams-jmetertest-build-0";"0.00";"1.00";"0.02%";"2.00";"0.01%"
undefined;"portal-catalog-fc56d9759-2cztf";"0.00";"0.20";"0.30%";"1.00";"0.06%"
undefined;"aiopenscale-ibm-aios-kafka-0";"0.01";"0.10";"11.81%";"0.20";"5.91%"
undefined;"gov-admin-ui-6cb95d95d9-4vw55";"0.00";"0.01";"1.20%";"0.03";"0.40%"
undefined;"db2oltp-1589576934720-db2u-0";"0.00";"2.00";"0.11%";"2.00";"0.11%"
undefined;"catalog-api-64bf7c6b98-fd2xb";"0.02";"0.30";"5.74%";"2.50";"0.69%"
undefined;"aiopenscale-ibm-aios-redis-2";"0.03";"0.20";"13.64%";"0.20";"13.64%"
undefined;"spss-modeler-cache-db-warmup-7b8f744f96-dpmls";"0";"0.03";"0%";"0.03";"0%"
undefined;"streams-jmetertest-ops-0";"0.00";"0.10";"1.77%";"1.00";"0.18%"
undefined;"cognos-ibm-cde-prod-proxy-6fd565979-jv5q6";"0.00";"1.38";"0.34%";"3.00";"0.16%"
undefined;"zen-admin-6b75f5495f-7dfbn";"0.00";"0.03";"0.74%";"0.30";"0.07%"
undefined;"gov-insights-service-7c944998c-7w75t";"0.00";"0.25";"1.12%";"1.00";"0.28%"
undefined;"dataconn-engine-spark-cluster-7958bdcd5d-p98pn";"0.15";"0.20";"75.00%";"8.00";"1.88%"
undefined;"aiopenscale-ibm-aios-payload-logging-api-84bd98569b-kr6lv";"0.00";"0.40";"0.95%";"1.00";"0.38%"
undefined;"spark-hb-control-plane-787dd848f7-gxdjx";"0.01";"1.20";"0.61%";"1.20";"0.61%"
undefined;"couchdb-666ddc54b5-6qmpn";"0.01";"0.50";"1.26%";"2.00";"0.32%"
undefined;"wdp-connect-connection-75d96bb6d8-qrt2f";"0.02";"0.15";"11.96%";"0.50";"3.59%"
undefined;"solr-0";"0.04";"0.15";"27.12%";"1.00";"4.07%"
undefined;"dv-service-provider-777448d696-4c4q9";"0.00";"0.10";"2.42%";"0.10";"2.42%"
undefined;"dv-api-f9587ddd8-qn9jz";"0.00";"1.00";"0.38%";"2.00";"0.19%"
undefined;"aiopenscale-ibm-aios-scheduling-58456478cd-crv69";"0.02";"0.65";"3.03%";"0.65";"3.03%"
undefined;"zen-watchdog-6bbc4cd9df-zpvld";"0.00";"0.10";"0.52%";"0.50";"0.10%"
undefined;"db2oltp-1589576934720-db2u-ldap-56b6dc6675-qpnw7";"0.00";"0.10";"3.08%";"0.20";"1.54%"
undefined;"wml-scoring-rt-utils-0";"0.00";"0.50";"0.30%";"2.00";"0.08%"
undefined;"zen-watcher-f5f6bd7dd-m4z7f";"0.00";"0.10";"1.87%";"2.00";"0.09%"
undefined;"zen-metastoredb-2";"0.04";"0.10";"39.48%";"0.50";"7.90%"
undefined;"ds-engine-compute-0";"0.00";"0.40";"0.12%";"3.00";"0.02%"
undefined;"wdp-couchdb-0";"0.33";"1.00";"33.27%";"8.00";"4.16%"
undefined;"aiopenscale-ibm-aios-ml-gateway-discovery-5c944b79bf-cjvnk";"0.01";"0.40";"2.62%";"0.40";"2.62%"
undefined;"zen-metastoredb-0";"0.04";"0.10";"37.28%";"0.50";"7.46%"
undefined;"aiopenscale-ibm-aios-etcd-2";"0.01";"0.15";"5.77%";"0.15";"5.77%"
undefined;"dv-addon-5bffc9c7c9-sl79w";"0.00";"0.10";"3.68%";"0.10";"3.68%"
undefined;"streaming-pipelines-python-validator-8466bf8bd8-fd7qc";"0.00";"0.10";"0.69%";"0.50";"0.14%"
undefined;"omag-75448b64d5-jgmkx";"0.00";"0.40";"1.12%";"1.00";"0.45%"
undefined;"iira-ibm-iira-prod-756c9bfbc4-vsrcd";"0.00";"0.10";"0.05%";"0.10";"0.05%"
undefined;"gov-user-prefs-service-74c589b95f-ckxhk";"0.00";"0.10";"3.47%";"1.00";"0.35%"
undefined;"db2oltp-1589576934720-ibm-unified-console-ucgoapi-54b7647779xsm";"0.00";"0.25";"0.25%";"1.00";"0.06%"
undefined;"elasticsearch-master-0";"0.02";"0.50";"3.64%";"2.10";"0.87%"
undefined;"db2oltp-1589576934720-etcd-2";"0.02";"0.10";"17.99%";"0.50";"3.60%"
undefined;"cpd-install-operator-65c77d8d48-mmr2v";"0.00";"0.50";"0.72%";"0.50";"0.72%"
undefined;"wmltraining-7d77c4c458-k4zlc";"0.07";"1.00";"6.90%";"1.00";"6.90%"
undefined;"amg-ibm-metadata-api-586f5d7c98-6pn67";"0.01";"0.60";"1.19%";"9.00";"0.08%"
undefined;"portal-job-manager-5cb84764f5-gzhvw";"0.00";"0.10";"0.39%";"0.50";"0.08%"
undefined;"spss-modeler-flow-ui-7c54ff8656-7457r";"0.00";"0.50";"0.11%";"1.50";"0.04%"
undefined;"dv-caching-bcb57bbc5-lhzj9";"0.00";"0.50";"0.99%";"0.50";"0.99%"
undefined;"redis-ha-server-0";"0.02";"0.22";"10.12%";"1.30";"1.71%"
undefined;"ngp-projects-api-846d8c6cd5-bw2z4";"0.00";"0.10";"4.90%";"0.50";"0.98%"
undefined;"db2oltp-1589576934720-etcd-0";"0.02";"0.10";"15.87%";"0.50";"3.17%"
undefined;"db2oltp-1589576934720-etcd-1";"0.01";"0.10";"14.66%";"0.50";"2.93%"
undefined;"rabbitmq-ha-2";"0.05";"0.30";"15.22%";"1.00";"4.57%"
undefined;"icpd-till-565f87f669-82zcv";"0.00";"0.10";"0.40%";"'-";"'-"
undefined;"iis-services-5f4d564c5d-6gqzg";"0.32";"2.00";"15.77%";"4.00";"7.89%"
undefined;"wkc-glossary-service-68bc4c87f-drz4t";"0.03";"0.25";"12.22%";"1.00";"3.05%"
undefined;"spark-hb-helm-repo-bf558597-sjh8b";"0.00";"0.05";"5.24%";"0.05";"5.24%"
undefined;"aiopenscale-ibm-aios-kafka-2";"0.02";"0.10";"19.51%";"0.20";"9.75%"